question_id,question_text,option_a,option_b,option_c,option_d,option_e,correct_answer_id
1,Hansı hesab aktiv hesab sayılır,Vergi öhdəlikləri,Uzunmüddətli bank kreditləri,Emissiya gəliri,Nizamnamə üçün ehtiyat,Qeyri­maddi aktivlər,e
2,Mənfəətin bölüşdürülməsinin hansı istiqaməti şirkətin xüsusi kapitalını azaldır,əldə olunmuş mənfəətin istehlak fonduna yönəldilməsi,düzgün variant yoxdur,sosial sferalar fondunun artırılması,dividendlərin ödənilməsi,ehtiyyat fondunun yaradılması,d
3,Mənfəət və zərər haqqında hesabatın təhlilində istifadə olunur,"üfiqi, şaquli və trend təhlilindən","proqnoz təhlilindən, funksional dəyər təhlilindən","statistik təhlildən, evristik üsullardan",iqtisadi­ riyazi üsullardan,"müqayisə üsulundan, balans metodundan",a
4,Mənfəət və zərər haqqında hesabatın şaquli təhlilinin məqsədi,göstəricilərin artım tempinin qiymətləndirilməsi,istehsalın səmərəliliyinin qiymətləndirilməsi,müəssisənin ödəmə qabiliyyətinin qiymətləndirilməsi,ötən dövrlə müqayisədə maliyyə nəticələrinin formalaşmasının strukturunun qiymətləndirilməsi,mənfəətə təsir edən amillərin qiymətləndirilməsi,d
5,Mənfəət və zərər haqqında hesabatın üfiqi təhlilinin məqsədi,müəssisənin ödəmə qabiliyyətinin qiymətləndirilməsi,istehsalın səmərəliliyinin qiymətləndirilməsi,göstəricilərin artım tempinin qiymətləndirilməsi,mənfəətə təsir edən amillərin qiymətləndirilməsi,ötən dövrlə müqayisədə göstəricilərin strukturunun qiymətləndirilməsi,e
6,Xalis mənfəət yönəldilir,mənfəət vergisinin ödənilməsinə,itkilərin örtülməsinə,inzibati xərclərin örtülməsinə,"istehsalın inkişafına, ehtiyat fonduna",kommersiya xərclərinin ötrülməsinə,d
7,Xalis dövriyyə kapitalının həcminin artması şəraitində likvidliyin itirilməsi risk,"əvvəl azalır, sonra artır",risk yoxdur,Artır,"əvvəl artır, sonra azalır",Azalır,e
8,Təşkilatın maliyyə vəziyyəti haqqında informasiya səciyyələndi­rir,təşkilatın likvidliyini və ödəmə qabiliyyətini,təşkilatın potensial resurslarından istifadənin səmərəliliyini,təşkilatın pul vəsaitlərinə olan tələbatını,təşkilatın kreditor borclarını,təşkilatın debitor borclarını,a
9,Təşkilatın ən likvid aktivlərinə aid edilir,pul vəsaitləri və qısamüddətli maliyyə qoyuluşlar,bitməmiş istehsalat,ödəmə müddəti 12 aya qədər olan debitor borcları,gələcək dövrlərin xərcləri,qeyri dövriyyə aktivləri,a
10,Cari fəaliyyətdən pul daxil olmaları öz əksini tapır,kreditlərin alınmasında,avansların alınmasında,məhsul satışından pul gəlirində,dividendlərin və faizlərin alınmasında,əsas vəsaitlərin və digər əmlakın satışından pul gəlirində,c
11,Hesabatın hansı forması kassa metodu ilə tərtib edilir,Kapitalda dəyişikliklər haqqında hesabat,Mühasibat balansı,Düzgün cavab yoxdur,Mənfəət və zərərlər haqqında hesabat,Pul vəsaitlərinin hərəkəti haqqında hesabat,e
12,Pul vəsaitlərinin hərəkətinə təsir göstərməyən əməliyyatların nəticələrini nəzərə almaqla xalis mənfəətin düzəliş edilməsi nəzərdə tutan metod aşağıdakıdır:,Dövriyyə kapitalı metodu,Düzgün cavab yoxdur,Müstəqim (birbaşa) metod,Gəlirlərin və xərclərin üzləşdirilməsi metodu,Dolayı metod,e
13,Pul vəsaitlərinin hərəkəti haqqında hesabatın tərtib olunmasının neçə metodu mövcuddur,6,5,3,2,4,d
14,Pul vəsaitlərinin hərəkəti haqqında hesabatı tərtib etmək üçün hansı metoddan istifadə etmək olar,"Gəlir və xərclərin müqayisəsi metodu , müstəqim metod və dolayı metod;",Dövriyyə kapitalı metodu və dolayı metod;,Gəlir və xərclərin müqayisəsi metodu və müstəqim metod;,"Dövriyyə kapitalı metodu , müstəqim metod və dolayı metod",Müstəqim (birbaşa) metod və dolayı metod,e
15,"Təşkilatın, torpaqların, binaların və digər daşınmaz əmlakın satın alınmasına sərf olunan kapital qoyuluşları ilə əlaqədar fəaliyyəti belə adlanir",Əməliyyat,Cari,Maliyyələşdirmə,İnvestisiya,Fövqəladə,d
16,Əməliyyat fəaliyyətindən daxil olmanın hesablanmasının müstəqim (birbaşa) metoduna uyğun olaraq düzəlişlər nədən başlanır,Kreditor borcları,Satışdan vəsaitin daxil olması,Debitor borcları,Xalis mənfəət,Satılmış məhsulun maya dəyəri,b
17,MHBS­ə uyğun olaraq məqsədli maliyyələşmə şəklində alınan pul vəsaitlərinin qaytarılması ilə əlaqədar pul vəsaitlərinin çıxması Pul vəsaitlərinin hərəkəti haqqında hesabatda aşağıdakı bölmə üzrə əks etdirilir,Əməliyyat fəaliyyəti,İnvestisiya fəaliyyəti,Cari fəaliyyət,Maliyyələşdirmə fəaliyyəti,Fövqəladə fəaliyyət,d
18,MHBS­ə uyğun olaraq alınan borclar şəklində pul vəsaitlərinin daxil olması Pul vəsaitlərinin hərəkəti haqqında hesabatda aşağıdakı bölmə üzrə əks etdirilir,Cari fəaliyyət,İnvestisiya fəaliyyəti,Əməliyyat fəaliyyəti,Fövqəladə fəaliyyət,Maliyyələşdirmə fəaliyyəti,e
19,MHBS­ə uyğun olaraq borc şəklində əvvəllər alınan məbləğin qaytarılması ilə əlaqədar pul vəsaitlərinin çıxması Pul vəsaitlərinin hərəkəti haqqında hesabatda aşağıdakı bölmə üzrə əks etdirilir,Cari fəaliyyət,İnvestisiya fəaliyyəti,Əməliyyat fəaliyyəti,Fövqəladə fəaliyyət,Maliyyələşdirmə fəaliyyəti,e
20,Aşağıdakı maddələrdən hansı MHBS­na uyğun olaraq pul vəsaitlərinin hərəkəti haqqında hesabatda əməliyyat fəaliyyəti bölümündə əks etdirmir,renta ödənişləri şəklində pul daxilolmaları,sair satış şəklində pul daxilolmaları,borc şəklində əvvəllər alınanların geriyə qaytarılması ilə bağlı pul vəsaitlərinin xaric olması,müəssisənin işçilərinə ödənilən pul vəsaitləri,kənd təsərrüfatı məhsullarının satışından pul daxilomaları,c
21,Aşağıdakı maddələrdən hansı MHBS­na uyğun olaraq pul vəsaitlərinin hərəkəti haqqında hesabatda əməliyyat fəaliyyəti bölümündə əks etdirmir,renta ödənişləri şəklində pul daxilolmaları,kənd təsərrüfatı məhsullarının satışından pul daxilomaları,müəssisənin işçilərinə ödənilən pul vəsaitləri,alınan borc şəklində pul vəsaitlərinin daxil olması,sair satış şəklində pul daxilolmaları,d
22,Aşağıdakı maddələrdən hansı MHBS­na uyğun olaraq pul vəsaitlərinin hərəkəti haqqında hesabatda əməliyyat fəaliyyəti bölümündə əks etdirmir,kənd təsərrüfatı məhsullarının satışından pul daxilomaları,müəssisənin işçilərinə ödənilən pul vəsaitləri,sair satış şəklində pul daxilolmaları,renta ödənişləri şəklində pul daxilolmaları,konvertasiya olunan istiqrazların buraxılışından alınan pul vəsaiti,e
23,Aşağıdakı maddələrdən hansı MHBS­na uyğun olaraq pul vəsaitlərinin hərəkəti haqqında hesabatda əməliyyat fəaliyyəti bölümündə əks etdirmir,müəssisənin işçilərinə ödənilən pul vəsaitləri,kənd təsərrüfatı məhsullarının satışından pul daxilomaları,renta ödənişləri şəklində pul daxilolmaları,sair satış şəklində pul daxilolmaları,dividendlər şəklində ödənilən pul vəsaiti,e
24,Aşağıdakı maddələrdən hansı MHBS­na uyğun olaraq pul vəsaitlərinin hərəkəti haqqında hesabatda əməliyyat fəaliyyəti bölümündə əks etdirmir,səhmlərin alınmasına yönəldilən pul vəsaiti,müəssisənin işçilərinə ödənilən pul vəsaitləri,renta ödənişləri şəklində pul daxilolmaları,kənd təsərrüfatı məhsullarının satışından pul daxilomaları,sair satış şəklində pul daxilolmaları,a
25,Aşağıdakı maddələrdən hansı MHBS­na uyğun olaraq pul vəsaitlərinin hərəkəti haqqında hesabatda əməliyyat fəaliyyəti bölümündə əks etdirmir,sair satış şəklində pul daxilolmaları,kənd təsərrüfatı məhsullarının satışından pul daxilomaları,müəssisənin işçilərinə ödənilən pul vəsaitləri,renta ödənişləri şəklində pul daxilolmaları,qeyri­maddi aktivlərə görə ödənilən pul vəsaiti,e
26,Aşağıdakı maddələrdən hansı MHBS­na uyğun olaraq pul vəsaitlərinin hərəkəti haqqında hesabatda əməliyyat fəaliyyəti bölümündə əks etdirmir,kənd təsərrüfatı məhsullarının satışından pul daxilomaları,sair satış şəklində pul daxilolmaları,renta ödənişləri şəklində pul daxilolmaları,övlad şirkətinin satılmasından alınan pul vəsaiti,müəssisənin işçilərinə ödənilən pul vəsaitləri,d
27,Aşağıdakı maddələrdən hansı MHBS­na uyğun olaraq pul vəsaitlərinin hərəkəti haqqında hesabatda əməliyyat fəaliyyəti bölümündə əks etdirmir,renta ödənişləri şəklində pul daxilolmaları,kənd təsərrüfatı məhsullarının satışından pul daxilomaları,müəssisənin işçilərinə ödənilən pul vəsaitləri,digər təşkilatların borc maliyyə alətlərinin satışından alınan pul vəsaiti,sair satış şəklində pul daxilolmaları,d
28,Aşağıdakı maddələrdən hansı MHBS­na uyğun olaraq pul vəsaitlərinin hərəkəti haqqında hesabatda əməliyyat fəaliyyəti bölümündə əks etdirmir,renta ödənişləri şəklində pul daxilolmaları,kənd təsərrüfatı məhsullarının satışından pul daxilomaları,müəssisənin işçilərinə ödənilən pul vəsaitləri,daşınmaz əmlaka investisiyaların satışından alınan pul vəsaiti,sair satış şəklində pul daxilolmaları,d
29,Aşağıdakı maddələrdən hansı MHBS­na uyğun olaraq pul vəsaitlərinin hərəkəti haqqında hesabatda əməliyyat fəaliyyəti bölümündə əks etdirmir,sair satış şəklində pul daxilolmaları,əsas vəsaitlərin satışından alınan pul vəsaiti,kənd təsərrüfatı məhsullarının satışından pul daxilomaları,müəssisənin işçilərinə ödənilən pul vəsaitləri,renta ödənişləri şəklində pul daxilolmaları,b
30,Aşağıda sadalanan maddələrdən hansı MHBS­na uyğun olaraq pul vəsaitlərinin hərəkəti haqda hesabatda investisiya fəaliyyəti bölümündə əks etdirilmir,forvard kontratklarına görə ödənilən pul vəsaiti,alınan pul vəsaiti çıxılmaqla övlad müəssisələrə investisiyalara görə ödənilən pul vəsaiti,renta ödənişi şəklində pul daxilolmaları,digər müəssisələrin borc maliyyə alətlərinə investisiyalarla əlaqədar ödənilən pul vəsaiti,bioloji aktivlərə görə ödənilən pul vəsaiti,c
31,Aşağıda sadalanan maddələrdən hansı MHBS­na uyğun olaraq pul vəsaitlərinin hərəkəti haqda hesabatda investisiya fəaliyyəti bölümündə əks etdirilmir,alınan pul vəsaiti çıxılmaqla övlad müəssisələrə investisiyalara görə ödənilən pul vəsaiti,digər müəssisələrin borc maliyyə alətlərinə investisiyalarla əlaqədar ödənilən pul vəsaiti,bioloji aktivlərə görə ödənilən pul vəsaiti,forvard kontratklarına görə ödənilən pul vəsaiti,lisenziya yığımları (royaltı) şəklində pul daxilolmaları,e
32,Aşağıda sadalanan maddələrdən hansı MHBS­na uyğun olaraq pul vəsaitlərinin hərəkəti haqda hesabatda investisiya fəaliyyəti bölümündə əks etdirilmir,forvard kontratklarına görə ödənilən pul vəsaiti,alınan pul vəsaiti çıxılmaqla övlad müəssisələrə investisiyalara görə ödənilən pul vəsaiti,digər müəssisələrin borc maliyyə alətlərinə investisiyalarla əlaqədar ödənilən pul vəsaiti,bioloji aktivlərə görə ödənilən pul vəsaiti,mənfəət vergisinə görə ödənilən pul vəsaiti,e
33,Aşağıda sadalanan maddələrdən hansı MHBS­na uyğun olaraq pul vəsaitlərinin hərəkəti haqda hesabatda investisiya fəaliyyəti bölümündə əks etdirilmir,forvard kontratklarına görə ödənilən pul vəsaiti,alınan pul vəsaiti çıxılmaqla övlad müəssisələrə investisiyalara görə ödənilən pul vəsaiti,digər müəssisələrin borc maliyyə alətlərinə investisiyalarla əlaqədar ödənilən pul vəsaiti,bioloji aktivlərə görə ödənilən pul vəsaiti,maliyyə icarəsi üzrə öhdəliklərin ödənilməsi ilə əlaqədar verilən pul vəsaiti,e
34,Aşağıda sadalanan maddələrdən hansı MHBS­na uyğun olaraq pul vəsaitlərinin hərəkəti haqda hesabatda investisiya fəaliyyəti bölümündə əks etdirilmir,forvard kontratklarına görə ödənilən pul vəsaiti,digər müəssisələrin borc maliyyə alətlərinə investisiyalarla əlaqədar ödənilən pul vəsaiti,bioloji aktivlərə görə ödənilən pul vəsaiti,pensiya öhdəlikləri üzrə faizlər şəklində ödənilən pul vəsaiti,alınan pul vəsaiti çıxılmaqla övlad müəssisələrə investisiyalara görə ödənilən pul vəsaiti,d
35,Aşağıda sadalanan maddələrdən hansı MHBS­na uyğun olaraq pul vəsaitlərinin hərəkəti haqda hesabatda investisiya fəaliyyəti bölümündə əks etdirilmir,digər müəssisələrin borc maliyyə alətlərinə investisiyalarla əlaqədar ödənilən pul vəsaiti,alınan pul vəsaiti çıxılmaqla övlad müəssisələrə investisiyalara görə ödənilən pul vəsaiti,bioloji aktivlərə görə ödənilən pul vəsaiti,forvard kontratklarına görə ödənilən pul vəsaiti,adi səhmlərin buraxılışından alınan pul vəsaiti,e
36,Aşağıda sadalanan maddələrdən hansı MHBS­na uyğun olaraq pul vəsaitlərinin hərəkəti haqda hesabatda investisiya fəaliyyəti bölümündə əks etdirilmir,alınan pul vəsaiti çıxılmaqla övlad müəssisələrə investisiyalara görə ödənilən pul vəsaiti,digər müəssisələrin borc maliyyə alətlərinə investisiyalarla əlaqədar ödənilən pul vəsaiti,bioloji aktivlərə görə ödənilən pul vəsaiti,konvertasiya olunan istiqrazların buraxılışından alınan pul vəsaiti,forvard kontratklarına görə ödənilən pul vəsaiti,d
37,Aşağıda sadalanan maddələrdən hansı MHBS­na uyğun olaraq pul vəsaitlərinin hərəkəti haqda hesabatda investisiya fəaliyyəti bölümündə əks etdirilmir,satın alınan pul vəsaiti çıxılmaqla övlad müəssisələrə investisiyalara görə ödənilən pul vəsaiti,məqsədli maliyyələşmə qaydasında pul vəsaitlərinin daxil olması,digər müəssisələrin borc maliyyə alətlərinə investisiyalarla əlaqədar ödənilən pul vəsaiti,bioloji aktivlərə görə ödənilən pul vəsaiti,forvard kontratklarına görə ödənilən pul vəsaiti,b
38,Aşağıda sadalanan maddələrdən hansı MHBS­na uyğun olaraq pul vəsaitlərinin hərəkəti haqda hesabatda investisiya fəaliyyəti bölümündə əks etdirilmir,məqsədli maliyyələşmə şəklində alınan pul vəsaitinin geri qaytarılması ilə əlaqədar pul vəsaitlərinin xaric olması,digər müəssisələrin borc maliyyə alətlərinə investisiyalarla əlaqədar ödənilən pul vəsaiti,bioloji aktivlərə görə ödənilən pul vəsaiti,satın alınan pul vəsaiti çıxılmaqla övlad müəssisələrə investisiyalara görə ödənilən pul vəsaiti,forvard kontratklarına görə ödənilən pul vəsaiti,a
39,Aşağıda sadalanan maddələrdən hansı MHBS­na uyğun olaraq pul vəsaitlərinin hərəkəti haqda hesabatda investisiya fəaliyyəti bölümündə əks etdirilmir,forvard kontratklarına görə ödənilən pul vəsaiti,digər müəssisələrin borc maliyyə alətlərinə investisiyalarla əlaqədar ödənilən pul vəsaiti,bioloji aktivlərə görə ödənilən pul vəsaiti,alınan borc şəklində pul vəsaitlərinin daxil olması,satın alınan pul vəsaiti çıxılmaqla övlad müəssisələrə investisiyalara görə ödənilən pul vəsaiti,d
40,Maliyyə vəziyyəti haqda hesabatda göstərilmir,Xərclər,Qeyri­maddi aktivlər,Debitor borcları,Ehtiyatlar,"Torpaq, Tikili və Avadanlıqlar",a
41,Maliyyə vəziyyəti haqda hesabatda göstərilmir,Debitor borcları,Qeyri­maddi aktivlər,Ehtiyatlar,"Torpaq, Tikili və Avadanlıqlar",Gəlirlər,e
42,Hansı MH təqdim edilmə tələbinə görə elementlərin bütün maddələri Konseptual əsaslarda nəzərdə tutrulan təriflərə və tanınma kriteriyalarına uyğun uçota alınmalı və əks etdirilməlidir,Əhəmiyyətlilik və aqreqasiyalaşdırma,Qarşılıqlı əvəzlənmə,Hesablama metodu ilə uçot,Dürüst təqdimedilmə və MHBS ­ə uyğunluq,Fasiləsiz fəaliyyət,c
43,Təşkilat öz fəaliyyətini fasiləsiz həyata keçirir və yaxın gələcəkdə də həyata keçirməkdə davam edəcəkdir MH təqdim edilməsinin hansı tələbidir,Qarşılıqlı əvəzlənmə,Əhəmiyyətlilik və aqreqasiyalaşdırma,Fasiləsiz fəaliyyət,Dürüst təqdimedilmə və MHBS ­ə uyğunluq,Hesablama metodu ilə uçot,c
44,"Baş vermiş hadisələrin əməliyyatlar və şəraitlər elementlərin təriflərinə, tanınma kriteriyalarına, MHBS­lsarın təsbit etmiş olduğu qaydalara,metodlara və prosedurlara uyğun əks etdirilməsi hansı tələbdir",Qarşılıqlı əvəzlənmə,Fasiləsiz fəaliyyət,Hesablama metodu ilə uçot,Əhəmiyyətlilik və aqreqasiyalaşdırma,Dürüst təqdimedilmə və MHBS ­ə uyğunluq,e
45,Hazırda qüvvədə olan İAS­ların sayı,18,32,30,12,24,e
46,Sahibkarın müəssisəyə ettiği investisiya necə adlandırılır,Öhdəlik,subyektiv,Kapital,Aktiv,Passiv,c
47,Hər hansı bir digər şəxsə olan borc,divident,Aktiv,Kapital,Amortizasiya,Öhdəlik,e
48,Müəssisənin sahib olduğu və ya işlətdiyi hər hansı dəyərli maddə,Kapital,Passiv,Öhdəlik,Aktiv,Kredit,d
49,Maliyyə hesabatlılığının elementləri arasında əlaqə aşağıdakı bərabərliyin vasitəsilə ifadə edilə bilər,Aktivlər = Xüsusi kapital + Royalti  + Gəlirlər – Xərclər,Aktivlər = Xüsusi kapital + Öhdəliklər  + Gəlirlər – Divident,Aktivlər =  Öhdəliklər  + Gəlirlər – Xərclər,Aktivlər = Xüsusi kapital + Öhdəliklər  + Gəlirlər – Xərclər,Aktivlər = Xüsusi kapital + Öhdəliklər  + Gəlirlər,d
50,Uzunmüddətli aktivlər,Hər 7 ildən bir edilir,Amortizasiya edilmir,Hər 3 ildən bir edilir,Amortizasiya edilir,Hər 5 ildən bir edilir,d
51,Cari aktivlər,Amortizasiya edilmir,Hər 7 ildən bir edilir,Hər 5 ildən bir edilir,Amortizasiya edilir,Hər 3 ildən bir edilir,a
52,Patent və müəllif hüquqları nədir,Uzunmüddətli öhdəlik,Qeyri­maddi aktiv,Cari aktiv,Qeyri­maddi aktiv,Cari öhdəlik,d
53,Qudvil nədir,Uzunmüddətli öhdəlik,Uzunmüddətli aktiv,Cari aktiv,Qeyri­maddi aktiv,Cari öhdəlik,d
54,Mənfəətə dolayı yolla təsir göstərir,statistik yardım,Cari aktiv,Cari öhdəlik,Uzunmüddətli aktiv,Uzunmüddətli öhdəlik,d
55,Mənfəətə bir başa təsir göstərir,statib öhdəlik,Uzunmüddətli aktiv,Cari öhdəlik,Cari aktiv,Uzun müddətli öhdəlik,d
56,Cari aktivlər,İstehsal və ticarət prosesində daha uzunmüddətli istifadə üçün nəzərdə tutulur,Bir neçə hesabat dövrü ərzində istifadə olunması nəzərdə tutulur,12 aydan çox müddətə saxlanılır,Mənfəətə bir başa təsir edir,İnvestisiya və istehsal üçün nəzərdə tutulur,d
57,Uzunmüddətli aktivlər,Satış və istehlak məqsədi ilə nəzərdə tutulur,Ticarət məqsaədləri üçün nəzərdə tutulur,12 ay ərzində reallaşdırılır,Bir neçə hesabat dövrü ərzində istifadə olunması nəzərdə tutulur,Mənfəətə bir başa təsir edir,d
58,Aşağıdakı maddələrdən hansı maddə mühasibat balansının “Uzunmüddətli aktivlər” bölməsində öz əksini tapmır,Malsatanlar və podratçılara uzunmüddətli kreditor borcları,Faizlər üzrə uzunmüddətli debitor borcları,Törəmə (asılı) müəssisələrin uzunmüddərli debitor borcları,Alıcı və sifarişçilərin uzunmüddətli debitor borcları,Tikinti müqavilələri üzrə uzunmüddətli debitor borcları,a
59,Aşağıdakı maddələrdən hansı maddə mühasibat balansının “Uzunmüddətli aktivlər” bölməsində öz əksini tapmır,Alıcı və sifarişçilərin uzunmüddətli debitor borcları,Tikinti müqavilələri üzrə uzunmüddətli debitor borcları,Faizlər üzrə uzunmüddətli debitor borcları,Törəmə (asılı) müəssisələrə uzunmüddərli debitor borcları,Törəmə (asılı) müəssisələrin uzunmüddərli debitor borcları,d
60,Aşağıdakı maddələrdən hansı maddə mühasibat balansının “Uzunmüddətli aktivlər” bölməsində öz əksini tapmır,Sair təxirə salınmış vergi aktivləri,Alıcı və sifarişçilərin uzunmüddətli debitor borcları,Tikinti müqavilələri üzrə uzunmüddətli debitor borcları,Faizlər üzrə uzunmüddətli debitor borcları,Gələcək hesabat dövrlərinin gəlirləri,e
61,Aşağıdakı maddələrdən hansı maddə mühasibat balansının “Uzunmüddətli aktivlər” bölməsində öz əksini tapmır,Faizlər üzrə uzunmüddətli debitor borcları,Tikinti müqavilələri üzrə uzunmüddətli debitor borcları,İşçilər üçün uzunmüddətli bank kreditləri,Sair təxirə salınmış vergi aktivləri,Alıcı və sifarişçilərin uzunmüddətli debitor borcları,c
62,Aşağıdakı maddələrdən hansı maddə mühasibat balansının “Uzunmüddətli aktivlər” bölməsində öz əksini tapmır,Sair təxirə salınmış vergi aktivləri,Alıcı və sifarişçilərin uzunmüddətli debitor borcları,Uzunmüddətli konvertasiya olunan istiqrazlar,Faizlər üzrə uzunmüddətli debitor borcları,Tikinti müqavilələri üzrə uzunmüddətli debitor borcları,c
63,Aşağıdakılardan hansı dövriyyə kapitalına aid deyildir,qısamüddətli maliyyə qoyuluşları,material dövriyyə vəsaitləri,debitor borcları,uzunmüddətli maliyyə qoyuluşları,pul vəsaitləri,d
64,Şirkət 1 yanvar 2020­ci ildə 42 000 manata avadanlıq alır. Avadanlığın faydalı istifadə dövrü 6 il və qalıq dəyəri 6 000 AZN qiymətləndirilir. Düz xətt metodu ilə amortizasiya illik amortizasiya xərcini hesablayın,11000,12000,8000,10100,6000,e
65,Şirkət 1 yanvar 2020­ci ildə 55 000 manata avadanlıq alır. Avadanlığın faydalı istifadə dövrü 7 il və qalıq dəyəri 13 000 AZN qiymətləndirilir. Düz xətt metodu ilə amortizasiya illik amortizasiya xərcini hesablayın,12000,8000,10000,6000,14000,d
66,Şirkət 1 yanvar 2020­ci ildə 75 000 manata avadanlıq alır. Avadanlığın faydalı istifadə dövrü 10 il və qalıq dəyəri 25 000 AZN qiymətləndirilir. Düz xətt metodu ilə amortizasiya illik amortizasiya xərcini hesablayın,3000,9000,8000,5000,7000,d
67,Şirkət 1 yanvar 2020­ci ildə 50 000 manata avadanlıq alır. Avadanlığın faydalı istifadə dövrü 5 il və qalıq dəyəri 5 000 AZN qiymətləndirilir. Düz xətt metodu ilə amortizasiya illik amortizasiya xərcini hesablayın,13000,10000,15000,9000,7500,d
68,Azalan qalıq üsulu ilə amortizasiyanın hesablanması nəticəsində nə baş verir,Hər növbəti dövrdə amortizasiya ayırmalarının artmasına,Hər dövrdə amortizasiya ayırmalarının daimi məbləğinin hesablanmasına,cari dəyərlə,Hər növbəti dövrdə amortizasiya ayırmaları normasının azalmasına,Hər növbəti dövrdə amortizasiya ayırmalarının azalmasına,e
69,Mühasibat balansında hansı bərabərlik gözlənilməlidir,Aktivin I bölməsinin və passivin V bölməsinin yekunlarının bərabərliyi,Balansın aktivinin II bölməsinin passivin IV bölməsinə bərabərliyi,II və IV bölmələrin yekunlarının bərabərliyi,Balansın aktiv və passiv yekunlarının bərabərliyi,II və IV bölmələrin yekunlarının bərabərliyi,d
70,Mühasibat hesabatı nəyi təcəssüm etdirir,üzləşdirirmə cədvəlini,dövriyyə cədvəlini,ilk sənədləşmə,hesabatın biri­birilə qarşılıqlı əlaqəsi olan formalarını,baş kitabı,d
71,Balansın passivində hansı bölmələr var,qeyri­maddi aktivlər,qısamüddətli debitor borcları,bioloyi aktivlər,pul vəsaitləri,kapital və öhdəliklər,e
72,Mal­material ehtiyatları və xərclər kreditləşdirilməyə bu qiymətləndirilmələr üzrə qəbul edilir,İlkin,Normativ,balans,Plan üzrə,faktiki,e
73,balansin hansi elemetləri əsas elemetlər hesab olunur,Mühasibat uçotunun hesabları,Balansın aktiv və passivinin eyniliyi,balansin ələvələri,balans məddələri,Balansın valyutası,d
74,"Balansın aktivlər bölməsində vəsaitlərin növləri göstərir ki, bunun vasitəsilə hansı uçot üçün hər bir balans maddəsi üzrə aktiv hesablar açılır",subhesab üçün,planli ucot,sintetik uçot üçün,analitik uçot üçün,cari uçot üçün,e
75,Hazırda mövcud olan mühasibat balansının növlərinə daxildir,"material balansı, tədiyə balansı","əmək ehtiyatları balansı, tədiyə balansı","material balansı, birləşmə balansı","illik, dövrü, giriş, birləşdirici, bölüşdürücü, bölüşdürücü, ləğvedici balans","sahələrarası balans, material balansı",d
76,Ləğv edilmə dövrünün əvvəlində hansı balans tərtib olunur,bölüşdürmə,giriş,cari,ləğv olunma,birləşmə,d
77,Bir təşkilatdan bir neçə müstəqil təşkilat yaradılan zaman hansı balans tərtib olunur,birləşmə,ləğv olunma,cari,bölüşdürmə,giriş,d
78,Bir neçə təşkilatın bir hüquqi şəxsdə birləşməsi zamanı hansı balans tərtib edilir,cari,ləğv olunma,bölüşdürmə,giriş,birləşdirmə,e
79,Aşağıdakılardan hansı müəssisənin qeyri­maddi aktivlərinə aid deyildir?,"”nou­xau”, proqram məhsulları","ticarət markaları, əmtəə nişanları","uzun müddət istifadə edilən, gəlir gətirən torpaq sahələrindən, təbii ehtiyatlardan istifadə hüquqları","patentlər, lisenziyalar",tara və tara materialları,e
80,"Təsərrüfat fəaliyyətində uzun müddət ərzində istifadə edilən, öz dəyəri olan, gəlir gətirən, lakin heç bir fiziki əsasa malik olmayan obyektlər necə adlanır",əsas vəsaitlər,maliyyə qoyuluşları,kapital qoyuluşları,qeyri­maddi aktivlər,dövriyyə vəsaitləri,d
81,1 milyon $ dəyərindəki böyük bir avadanlıq həmişə uzunmüddətli aktiv hesab olunur fikri doğrudurmu,Xeyr,Dəyəri 250.000 dən çox olduğu üçün doğrudur,Bəli,Dəyəri 10 milyon manatdan aşağı olduğu üçün yanlışdır,Dəyəri 500.000 dən çox olduğu üçün doğrudur,a
82,Hansı aktivlər çətin realizə olunan aktivlərə aiddir,"hazır məhsul, əsas vəsaitlər, qeyri­maddi aktivlər","uzunmüddətli maliyyə qoyuluşu, material ehtiyatlar","əsas vəsaitlər və bitməmiş tikinti, debitor borcları","əsas vəsaitlər, qeyri­maddi aktivlər, uzunmüddətli maliyyə qoyuluşu, bitməmiş istehsal","ehtiyat və məsrəflər, qeyri­maddi aktivlər",d
83,Qeyri­maddi aktivlərin əldə olunması və yaradılması ilə bağlı xərclər hansı kateqoriyaya aiddir,Cari istehsal və tədavül xərclərinə,Uzunmüddətli investisiyalara,Xüsusi kapitala,Qısamüddətli öhdəliklərə,Maliyyə qoyuluşlarına,b
84,Biznesin birləşdirilməsi xərcləri nədən ibarətdir,Satınalma tarixinə ana şirkətin övlad şirkətinə investisiya məbləğindən və birləşdirmə ilə bağlı istənilən xərclərdən,statistik əməliyyətlərdən,Satınalma tarixinə ana şirkətin övlad şirkətinə investisiya məbləğindən və gələcək xərclər və itkilərdən,"Satınalma tarixinə ana şirkətin övlad şirkətinə investisiya məbləğindən və gələcək xərclər və itkilər, habelə inzibati xərclərdən",Satınalma tarixinə ana şirkətin övlad şirkətinə investisiya məbləğindən və inzibati xərclərdən,a
85,İcmal mühasibat hesabatı aşağıdakı təşkilatlara aid edilir,Nümayəndəliklər,Filiallar,Yalnız asılı təşkilat,Övlad və asılı cəmiyyətlər,Filiallar və nümayəndəliklər,d
86,Pul vəsaitlərin hərəkəti haqqında hesabatın əsas məqsədi:,təşkilatın gələcək maliyyə potensialını qiymətləndirmək,pul vəsaitlərinin qalığını qiymətləndirmək,pul vəsaitlərinin daхil olmasını qiymətləndirmək,təşkilatın pul vəsaitlərini yaratmaq qabiliyyətinin qiymətləndirmək üçün pul vəsaitləri və onların ekvivalentlərinin dəyişməsi haqqında informasiya təqdim etmək,pul vəsaitlərinin хaric olmasını qiymətləndirmək,d
87,Pul vəsaitlərinin hərəkətit haqqında hesabatın təhlili imkan verir:,balansın strukturunun keyfiyyətinə təsir edən amillərin və onların təsirini müəyyən etmək,investisiya qoyuluşlarının maliyyələşdirilməsi üçün cari (əməliyyat) fəaliyyətdən хalis pul aхınının kifayətliliyi müəyyən edilir,investisiya fəaliyyətinin səmərəliliyi qiymətləndirilir,хalis mənfəətin formalaşmasına təsir edən amillərin və onların təsirini müəyyən etmək,pul aхınlarının formalaşmasına təsir edən amillərin və onların təsirini müəyyən etmək,e
88,Aşağıdakılardan hansı fəaliyyət növü Pul vəsaitlərinin hərəkəti haqqında hesabatda müəssisənin xalis mənfəətinə təsir göstərir?,Hamısı,Maliyyə,İnvesttisiya,Əməliyyat,İnvestisiya və maliyyə,d
89,Aşağıdakılardan hansı PVHHH­nin əməliyyat fəaliyyətinə aiddir?,Səhmlərin satışı,İstiqrazlara görə ödəniş,"Torpaq, tikili və avadanlıqların satışı",Əmtəə və ya xidmət alışı,Banklardan kreditin götürülməsi,d
90,Amortizasiya xərci PVHH­nin hansı bölməsində qeyd olunmalıdır?,Maliyyə,statistik,Hamısı,Əməliyyat,İnvestisiya,d
91,Tikili və avadanlıqların satışından itkilər PVHH­nin hansı bölməsində qeyd olunmalıdır,paralel,Maliyyə,İnvestisiya,Əməliyyat,Hamısı,d
92,"Pul vəsaitinin hərəkəti haqqında hesabatın (PVHHH) hansı bölməsi həm dolaylı, həm də birbaşa metoddan istifadə etməklə hazırlanır?",Hamısı,funksional,Maliyyə,İnvestisiya,Əməliyyat,e
93,"PVHH­də torpaq,tikili və avadanlıqların hərəkəti hansı fəaliyyət bölməsində əks etdirilməlidir?",İnvestisiya,Maliyyə,Əməliyyat,diogonal,Hamısında,a
94,Pul vəsaitlərinin hərəkəti haqqında hesabatın hazırlanmasının hansı metodları vardır? 1) dolayı 2) birbaşa 3) Əməliyyat 4) İnvestisiya 5) Maliyyə,3;4,3;4;5,1;2,4;5,1;5,c
95,Pul vəsaitləri haqqında hesabat hansı bölmələr üzrə təsnifləşdirilir? 1) Əməliyyat 2) İnvestisiya 3)Maliyyə 4)Gəlir 5)Xərc 6) Öhdəlik,2;3;4,2;3;4,3;4;6,1­4;6,1;2;3,e
96,"Xidmət göstərilməsindən gəlir ­ 300.000 , material xərcləri ­ 100.000 manat və cərimə xərcləri 50.000 manatdır. Maliyyə göstəricisini hesablayın",120 000,140 000,250 000,220 000,150 000,e
97,"Xidmət göstərilməsindən gəlir ­ 500.000 , material xərcləri ­ 300.000 manat və cərimə xərcləri 30.000 manatdır. Maliyyə göstəricisini hesablayın",270 000,470 000,770 000,230 000,170 000,e
98,Vergiyə cəlb olunan gəlirlərin məbləği 700 min manatdır. Vergi tutulma məqsədi üçün tanınan xərclərin məbləği 500 min manat təşkil edir. Vergi bazasını hesablayın,1200000,1 000 000,600 000,200 000,100 000,d
99,Mənfəət vergisinin faiz dərəcəsi,14.00%,25.00%,30.00%,22.00%,20.00%,e
100,Müqavilədə qeyd edilməyən lakin öhdəliklərin yerinə yetirilməsi zamanı çəkilən xərclər işlərin yerinə yetirilməsi səviyyəsini müəyyənləşdirərkən ......,Gəlirin üzərinə əlavə olunmalıdır,maya dəyəri cıxılmalıdır,Kapitalı artırmalıdır,Gəlirdən çıxılmalıdır,Xərcləri azaltmalıdır,d
101,"Əgər müəssisənin aktivi geriyə almaq və ya satmaq hüququ varsa, o zaman .......",Alıcı xərci tanıyır və satıcı gəliri tanıyır,demografik,Alıcı nəzarəti əldə edir və satıcı gəliri tanıyır,Alıcı nəzarəti əldə etmir və satıcı gəliri tanıyır,Alıcı nəzarəti əldə etmir və satıcı gəliri tanımır,e
102,Geriyə alım müqaviləsində müştərinin tələbi ilə aktivin geri alınması ilə bağlı müəssisənin öhdəliyi,inflyasion,Kol opsionu,Forvard,Put opsionu,Fyuçers,d
103,Geriyə alım müqaviləsində aktivin geri alınması ilə bağlı müəssisənin hüququ,Fyuçers,Put opsionu,statistik,Forvard,Kol opsionu,e
104,Geriyə alım müqaviləsində aktivin geri alınması ilə bağlı müəssisənin öhdəliyi necə adlanır,eskluziv,Kol opsionu,Forvard,Put opsionu,Fyuçers,c
105,"İFRS 15 ""Müştərilərlə müqavilələr üzrə gəlirlər"" standartı üzrə beşinci mərhələ hansıdır",müqavilələrin müəyyənləşdirilməsi mərhələsidir,Əməliyyatın dəyərinin öhdəliklərin yerinə yetirilməsi səviyyəsi üzərində bölüşdürülməsi mərhələsi.,Öhdəlikərin yerinə yetirilməsinin müəyyənləşməsi mərhələsi,Əməliyyatın qiymətinin müəyyənləşdirilməsi mərhələsidir,Gəlirin tanınması mərhələsi,e
106,"İFRS 15 ""Müştərilərlə müqavilələr üzrə gəlirlər"" standartı üzrə dördüncü mərhələ hansıdır",Əməliyyatın dəyərinin öhdəliklərin yerinə yetirilməsi səviyyəsi üzərində bölüşdürülməsi mərhələsi.,müqavilələrin müəyyənləşdirilməsi mərhələsidir,Öhdəliklərin yerinə yetirilməsinin müəyyənləşməsi mərhələsidir,Gəlirin tanınması mərhələsi,Əməliyyatın qiymətinin müəyyənləşdirilməsi mərhələsidir,a
107,"İFRS 15 ""Müştərilərlə müqavilələr üzrə gəlirlər"" standartı üzrə üçüncü mərhələ hansıdır",müqavilələrin müəyyənləşdirilməsi mərhələsidir,Gəlirin tanınması mərhələsi,Əməliyyatın dəyərinin öhdəliklərin yerinə yetirilməsi səviyyəsi üzərində bölüşdürülməsi mərhələsi.,Əməliyyatın qiymətinin müəyyənləşdirilməsi mərhələsidir,Öhdəliklərin yerinə yetirilməsinin müəyyənləşməsi mərhələsidir,d
108,"İFRS 15 ""Müştərilərlə müqavilələr üzrə gəlirlər"" standartı üzrə ikinci mərhələ hansıdır",müqavilələrin müəyyənləşdirilməsi mərhələsidir,Əməliyyatın qiymətinin müəyyənləşdirilməsi mərhələsidir,Gəlirin tanınması mərhələsi,Əməliyyatın dəyərinin öhdəliklərin yerinə yetirilməsi səviyyəsi üzərində bölüşdürülməsi mərhələsi.,Öhdəliklərin yerinə yetirilməsinin müəyyənləşməsi mərhələsidir,e
109,"İFRS 15 ""Müştərilərlə müqavilələr üzrə gəlirlər"" standartı üzrə birinci mərhələ hansıdır",müqavilələrin müəyyənləşdirilməsi mərhələsidir,Əməliyyatın qiymətinin müəyyənləşdirilməsi mərhələsidir,Öhdəliklərin yerinə yetirilməsinin müəyyənləşməsi mərhələsidir,Əməliyyatın dəyərinin öhdəliklərin yerinə yetirilməsi səviyyəsi üzərində bölüşdürülməsi mərhələsi.,Gəlirin tanınması mərhələsi,a
110,"İFRS 15 ""Müştərilərlə müqavilələr üzrə gəlirlər"" standartı neçə mərhələdən ibarətdir",4,6,2,5,3,d
111,Etibarlı əsasda qiymətləndirilə bilməyən yardım nümunəsi kimi göstərilə bilər,inventar,Torpaq sahəsi,Marketinq məsləhəti,Mal­material,Avadanlıq,c
112,Hökümət subsidiyası qeyri­monetar şəkildə ola bilərmi,Xeyr,statistik əməliyyətlərlə,Belə bir anlayış yoxdur,Bəli,məbləğindən asılı olaraq dəyişir,d
113,Dövlət subsidiyalarının mühasibat uçotunun aparılmasına dair neçə əsas metod var,5,6,3,4,2,e
114,Aktivlərə aid olmayan hökumət subsidiyalarıdır,Gəlirə aid olan subsidiyalar,Ədalətli dəyər,Bagışlana bilən borclar,Daxili subsidiyalar,Xarici subsidiyalar,a
115,Müəssisənin əməliyyat fəaliyyəti ilə əlaqədar müəyyən şərtlərin keçmişdə və ya gələcəkdə yerinə yetirilməsinə görə müəssisəyə resursların köçürülməsi formasında olan hökumət yardımıdır,Kənt təsərüffatı subsidiyaları,stabil subsidiyalar,Xüsusi subsidiyalar,Hökümət subsidiyaları,Biznes Subsidiyaları,d
116,Müəyyən meyarlara cavab verən müəssisə və ya müəssisələr grupuna aid xüsusi iqtisadi səmərənin təmin edilməsinə yönəlmiş dövlət fəaliyyətidir,Xüsusi yardım,Büdcə yardımı,Mərkəzləşdirilmiş fond yardımı,uğursuz olan,Hökümət yardımı,e
117,Hadisənin baş vermə ehtimalı 0%­4% arası  olduqda bu öhdəlik necə adlandırılır,Mümkün olan,statistik əməliyyətlər,Faktiki,Ehtimal olunan,Az ehtimal olunan,e
118,Hadisənin baş vermə ehtimalı 5%­49% arası  olduqda bu öhdəlik necə adlandırılır,Az ehtimal olunan,qeyri standart,Faktiki,Ehtimal olunan,Mümkün olan,e
119,Hadisənin baş vermə ehtimalı 50%­94% arası  olduqda bu öhdəlik necə adlandırılır,Az ehtimal olunan,Ehtimal olunan,Mümkün olan,Faktiki,statistik əməliyyətlər,b
120,Hadisənin baş vermə ehtimalı 95%­dən yüksək olduqda bu öhdəlik necə adlandırılır,Az ehtimal olunan,Faktiki,Ehtimal olunan,operativ,Mümkün olan,b
121,Qiymətləndirilmiş öhdəliklərə aiddir,Ödənişin kim tərəfindən olunması məlumdur,"Maliyyə hesabatında necə bir öhdəlik kimi tanınır (ticarət borcu, yaxud digər kreditor borcu kimi)",Ödənişin dəqiq məbləği məlumdur,statistik əməliyyətlər,Ödənişin müddətinin dəqiq təyin edilməməsi,e
122,"Gözlənilən satış qiyməti 32.000 manat, gözlənilən tamamlanma xərcləri 16.000manat, satışın reallaşması üçün çəkilən bir başa xərclər 9.500 manatdır. Mümkün xalis satış dəyərini hesablayın.",15500,15000,7750,6500,2250,d
123,"Gözlənilən satış qiyməti 32.000 manat, gözlənilən tamamlanma xərcləri 16.000manat, satışın reallaşması üçün çəkilən bir başa xərclər 4.000 manatdır. Mümkün xalis satış dəyərini hesablayın.",28000,16000,22000,20000,12000,e
124,"Gözlənilən satış qiyməti 55.000 manat, gözlənilən tamamlanma xərcləri 0 manat, satışın reallaşması üçün çəkilən bir başa xərclər 25.000 manatdır. Mümkün xalis satış dəyərini hesablayın.",15000,14000,12500,30000,25000,d
125,"Gözlənilən satış qiyməti 30.000 manat, gözlənilən tamamlanma xərcləri 12.000 manat, satışın reallaşması üçün çəkilən bir başa xərclər 16.000 manatdır. Mümkün xalis satış dəyərini hesablayın",14000,7000,26000,2000,18000,d
126,"Gözlənilən satış qiyməti 25.000 manat, gözlənilən tamamlanma xərcləri 12.500 manat, satışın reallaşması üçün çəkilən bir başa xərclər 0 manatdır. Mümkün xalis satış dəyərini hesablayın.",6250,18750,25000,12500,37500,d
127,"Gözlənilən satış qiyməti 25.000 manat, gözlənilən tamamlanma xərcləri 5000 manat, satışın reallaşması üçün çəkilən bir başa xərclər 12.000 manatdır. Mümkün xalis satış dəyərini hesablayın",8000,18000,13000,15000,20000,a
128,LİFO metodundan günümüzdə istifadə edilirmi,Bəli,Müəssisənin quruluşuna uyğun qərar verilir,Nizamnamı kapitalına baxılaraq qərar verilir,Xeyr,Müəyyən hallarda edilir,d
129,LİFO nədir,İlk alınan mal ilk istehsal edilir,istehsal edilmir,İlk alınan mal ilk istehlak edilir,Son alınan son istehlak edilir,Son alınan mal ilk istehsak edilir,e
130,"İlk satınalmalar 3000  manat,  ikinci satınalma isə 3000 manatdır. Cəmi miqdar isə 700 ədəddir. Orta dəyəri hesablayın",10.57,19,14.45,8.57,12.45,d
131,"İlk satınalmalar 2400  manat,  ikinci satınalma isə 3000 manatdır. Cəmi miqdar isə 700 ədəddir. Orta dəyəri hesablayın",10.25,12.42,17.25,15,7.71,e
132,"İlk satınalmalar 5400  manat,  ikinci satınalma isə 2000 manatdır. Cəmi miqdar isə 740 ədəddir. Orta dəyəri hesablayın",20 manat,22 manat,5 manat,15 manat,10 manat,e
133,FİFO nə deməkdir,Son alınan mal ilk olaraq istehlak edilir,Son alınan mal ilk olaraq istehlak edilir,Son alınan mal son olaraq istehlak edilir,İlk alınan mal ilk olaraq istehsal edilir,İlk alınan mal ilk istehlak edilir,e
134,Törəmə maliyyə alətlərinin digər adı,Trattalar,ekspreslər,Opsionlar,Derivativlər,Fyüçerslər,d
135,Kreditor borcu,Aktivdir,Zərərdir,Mənfəətdir,Öhdəlikdir,Kapitaldır,d
136,Debitor borcu,Öhdəlikdir,Zərərdir,Mənfəətdir,Aktivdir,Kapitaldır,d
137,"Əgər təşkilat xüsusi səhmlərini satın alırsa,onda onlar",Öhdəliklərin üzərinə əlavə olunur,Öhdəliklərdən çıxılır,Aktivlərin üzərinə əlavə olunur,Xüsusi kapitaldan çıxılır,Aktivlərdən çıxılır,d
138,Müəyyən olunmuş qiymətlə razılaşdırılmş müddətdə tərəflərdən birinə nəyi isə əldə etmək yaxud digər tərəfə satmaq hüququ verən əməliyyatın keçirilməsi üzrə alətdir,Fyuçers kontraktları,Forvard kontraktları,paralel,Svoplar,Opsionlar,e
139,"Bir aktivlərdən gələcək pul axınının, digər aktivlərdən gələcək pul axınına  mübadilə edilməsi barədə razılıqdır, sazişdir",Opsionlar,paralel,Fyuçers kontraktları,Forvard kontraktları,Svoplar,e
140,Onların əsasında kontraktın bağlandığı tarixə müəyyən edilmiş şərtlərə uyğun olaraq  gələcəkdə müəyyən tarixə mübadilə həyata keçirmək üzrə iki tərəf üçün öhdəliklər müəyyən olunur,Fyuçers kontraktları,Svoplar,Forvard kontraktları,Opsionlar,paralel,c
141,Onların əsasında əvvəlcə müəyyən edilmiş şərtlər əsasında gələcəkdə maliyyə alətlərinin yaxud malların verilməsi həyata keçirilir,Forvard kontraktları,paralel,Fyuçers kontraktları,Svoplar,Opsionlar,c
142,Bütün maliyyə alətləri neçə qrupa bölünür,2,5,4,3,6,a
143,Pay alətlərinə aiddir,Kreditor borcları,Bankda olan depozitlər,Verilmiş borclar,Xüsusi sadə səhmlər,Debitor borcları,d
144,Maliyyə öhdəliklərinə aiddir,Verilmiş borclar,Bankda olan depozitlər,əldə edilmiş istiqrazlar,Debitor borcları,Verilmiş veksellər,e
145,Maliyyə aktivlərinə aiddir,Kreditor borcları,buraxılmış istiqrazlar,Pul vəsaitləri,verilmiş veksellər,alınmış borclar,c
146,Müəssisənin komponenti,"digər aktivlərdən yaxud aktivlər qrupundan yaranan  pul vəsaitləri daxilmalarından əhəmiyyətli dərəcədə asılı olmayaraq, pul vəsaitləri yaradan ən az identifikasiya olunan aktivlər qrupudur",statistik əməliyyətlər,"bir əməliyyatın nəticəsində qrup kimi satış yolu ilə yaxud digər tərzdə təsərrüfatdan çıxmalı olan aktivlər qrupu, və  həmin aktivlərlə bilavasitə əlaqəli olan öhdəliklərdir, hansılar ki həmin əməliyyat nəticəsində veriləcəklər",əməliyyat və maliyyə hesabatlılığı məqsədləri baxımından müəssisənin digər hissəsindən dəqiq tədric oluna biləcək fəaliyyət və pul vəsaitlərinin axınıdır,maliyyələşdirməyə çəkilən məsrəflər və mənfəət vergisi üzrə xərclər istisna olunmaqla aktivin (yaxud təsərrüfatdan çıxan qrupun) təsərrüfatdan çıxması ilə bilavasitə əlaqədar olan əlavə məsrəflərdir,d
147,Adi fəaliyyətin gesişində istehsalın başa çatdırılmasına hesabi məsrəflər və satış üçün çəkilməsi zəruri olan hesabi məsrəflər çıxılmaqla hesabi qiymətdir,Satışın xalis mümkün qiyməti,köhnəlmə dəyər,Ədalətli dəyər,İlkin dəyər,Amortizasiya olunan dəyər,a
148,Nou­Hau nədir,Cari aktiv,Cari öhdəlik,Uzunmüddətli öhdəlik,Uzunmüddətli aktiv,Qeyri maddi aktiv,e
149,Qudvil nədir,Uzunmüddətli aktiv,Uzunmüddətli öhdəlik,Cari aktiv,Cari öhdəlik,Qeyri maddi aktiv,e
150,Təşkilatın əməliyyat fəaliyyəti ilə əlaqədar keçmişdə yaxud gələcəkdə müəyyən şərtlərə əməl etməsi müqabilində resursların təşkilata verilməsi formasında dövlət yardımıdır,Makro kreditlər,İstehlak kreditləri,Biznes kreditləri,Mikro kreditlər,Dövlət subsidiyaları,e
151,Keçmiş hadisələr nəticəsində şirkət tərəfindən nəzarət olunan bitkilər və heyvanlardır,Qeyri­maddi aktivlər,Bioloji aktivlər,K/t aktivləri,köməkci aktivlər,Maddi aktivlər,b
152,Aktivin balans dəyərinin onun ödənilmə dəyərindən artıq olan məbləğidir,Qiymətdəndüşmədən zərər,Amortizasiya olunan dəyər,Ədalətli dəyər,Ləğv dəyəri,İlkin dəyər,a
153,Ləğv dəyəri çıxılmaqla aktivin maya dəyəri yaxud maya dəyəri əvəzinə hesabatda əks etdirilmiş məbləğdir,Təşkilatın nökteyi nəzərindən dəyər,Ədalətli dəyər,Amortizasiya olunan dəyər,İlkin dəyər,Ləğv dəyəri,c
154,Aktivin əldə edilməsi  və ya tikilməsi  üçün ödənilmiş pul vəsaitlərinin və onların ekvivalentlərinin məbləği yaxud əldə olunması ya da tikilməsi anında onun əldə edilməsi üçün verilmiş digər qarşı təqdimolunmanın ədaləti dəyəridir,Ödənilmə dəyəri,Ədalətli dəyər,Amortizasiya olunan dəyər,İlkin dəyər,Ləğv dəyəri,d
155,"Qiymətləndirilmə tarixinə bazar iştirakçıları arasındakı adi sövdələşmənin gedişində aktivin satışından əldə oluna, yaxud öhdəliyin ödənilməsi zamanı ödənilə biləcək məbləğdir",Ləğv dəyəri,Amortizasiya olunan dəyər,İlkin dəyər,Ədalətli dəyər,Ödənilmə dəyəri,d
156,Qeyri­maddi aktivlər hansı dəyərlə uçota alınır,bərpa dəyəri ilə,ilkin dəyərlə,inventar dəyəri ilə,smeta dəyəri ilə,qalıq dəyəri ilə,b
157,Qeyri­maddi aktivlər hansı hallarda təsərrüfatdan çıxa bilər,"istifadə olunmadıqda, əvəzsiz verildikdə","gəlir gətirmədikdə, ləğv olunub silindikdə",xidmət müddəti başa çatdıqda,"kənara çıxıldıqda, tam köhnəlmə nəticəsində ləğv olunub silindikdə","icarəyə verildikdə, ləğv olunub silindikdə",d
158,Qeyri­maddi aktivlərin əldə olunması və yaradılması ilə bağlı xərclər hansı kateqoriyaya aiddir,Cari istehsal və tədavül xərclərinə,Uzunmüddətli investisiyalara,Xüsusi kapitala,Qısamüddətli öhdəliklərə,Maliyyə qoyuluşlarına,b
159,Patent və müəllif hüquqları nədir,Uzunmüddətli aktiv,Qeyri maddi aktiv,Cari öhdəlik,Uzunmüddətli öhdəlik,Cari aktiv,b
160,Azərbaycan Respublikasında maliyyə ili tarixlərini göstərin,1 İyun ­ 31 Oktaybr,1 Yanvar ­ 20 Dekabr,1 Fevral ­31 Oktyabr,1 Yanvar ­31 Dekabr,1 Mart ­31 Dekabr,d
161,Satışan gəlir ­ Satışın maya dəyəri,xalis mənfəət,Sair gəlir,vergitutmaya qədər mənfəət,Ümumi mənfəət,tam olmayan gəlir,d
162,Uzunmüddətli öhdəliklər nə qədər müddəti əhatə edir,3 ildən yuxarı,1 ildən yuxarı,3 ildən 5 ilə kimi,10 ildən yuxarı,5 ildən yuxarı,b
163,Qısamüddətli öhdəliklər nə qədər müddəti əhatə edir,3 ildən az,1 ildən az,1 ildən 2 ilə qədər,3 ildən 5 ilə qədər,5 ildən az,b
164,Uzunmüddətli aktivlər nə qədər müddəti əhatə edir,3 ildən yuxarı,1 ildən yuxarı,3 ildən 5 ilə kimi,10 ildən yuxarı,5 ildən yuxarı,b
165,Qısa müddətli aktivlər nə qədər müddəti əhatə edir,3 ildən az,1 ildən az,1 ildən 2 ilə qədər,3 ildən 5 ilə qədər,5 ildən az,b
166,Maliyyə vəziyyəti haqda hesabatda göstərilmir,Qeyri­maddi aktivlər,Xərclər,"Torpaq, Tikili və Avadanlıqlar",Ehtiyatlar,Debitor borcları,b
167,Maliyyə vəziyyəti haqda hesabatda göstərilmir,Ehtiyatlar,Debitor borcları,Qeyri­maddi aktivlər,Gəlirlər,"Torpaq, Tikili və Avadanlıqlar",d
168,Hansı MH təqdim edilmə tələbinə görə elementlərin bütün maddələri Konseptual əsaslarda nəzərdə tutrulan təriflərə və tanınma kriteriyalarına uyğun uçota alınmalı və əks etdirilməlidir,Dürüst təqdimedilmə və MHBS ­ə uyğunluq,Hesablama metodu ilə uçot,Əhəmiyyətlilik və aqreqasiyalaşdırma,Qarşılıqlı əvəzlənmə,Fasiləsiz fəaliyyət,b
169,Xammal,Cari aktivdir,Qeyri­madii aktivdir,Uzunmüddətli öhdəlikdir,Cari aktivdir,Uzunmüddətli aktivdir,d
170,Mebel və digər ofis avadanlıqları,Uzunmüddətli öhdəlikdir,Qeyri­maddi aktivdir,Uzunmüddətli aktivdir,Cari öhdəlikdir,Cari aktivdir,c
171,Pul vəsaiti və bank hesabı,Cari öhdəlikdir,Qeyri­maddi aktivdir,Uzunmüddətli öhdəlikdir,Cari aktivdir,Uzunmüddətli aktivdir,d
172,Mal­material ehtiyatları,Uzunmüddətli öhdəlikdir,Qeyri­madii aktivdir,Cari öhdəlikdir,Uzunmüddətli aktivdir,Cari aktivdir,e
173,Tikili və avandalıq,Qeyri maddi aktivdir,Qısa müddətli aktivdir,Cari aktivdir,Uzunmüddətli aktivdir,Aktiv deyil,d
174,Aşağıdakı şərtlərdən hansı cari aktiv hesab olunmur,Əsasən alqı­satqı məqsədləri üçün saxlandıqda,Pul vəsaiti və ya onun ekvivalentləri formasında olduqda.,Müəssisənin normal (adi) əməliyyat dövründə satış və ya istifadə üçün saxlanıldıqda və ya realizasiya olunması ehtimal olunduqda,Hesabat tarixindən sonra 18 ay müddətində realizasiya ediləcəyi ehtimal olunduqda,Hesabat tarixindən sonra 12 ay müddətində realizasiya ediləcəyi ehtimal olunduqda,d
175,Müəssisələrdə məhsulun buraxılması nə ilə rəsmiyyətə salınır,qaimə ilə,bank çıxarışı,memorial order,qəbul­təhvil aktı ilə,kassa məxaric orderi ilə,d
176,Maliyyə qoyuluşlarını həyata keçirmək üçün istifadə olunan borc vəsaitləri və öhdəliklərinə aiddir,Vergi üzrə büdcə qarşısında olan borclar,Əməyin ödənilməsi üzrə işçi heyətinə olan borclar,Bankın uzunmüddətli kreditləri,Gələcək hesabat dövrlərində ödənilməsi nəzərdə tutulan kreditor borcları,Hesabat ilinin bölüşdürülməmiş mənfəəti,d
177,Səhmdar cəmiyyətin ehtiyat kapitalı hansı məqsədlər üçün istifadə oluna bilər,Nizamnamə kapitalının artırılması üçün,Səhmdarlardan xüsusi səhmlərin alınması üçün,İşçilərin əmək haqqının və səhmdar cəmiyyətin ləğv olunması zamanı işdən çıxarma müavinətlərinin verilməsi üçün,"Hesabat dövrünün zərərlərini örtmək üçün, səhmdarlardan xüsusi səhmlərin alınması üçün",Hesabat dövrünün zərərlərini örtmək üçün,d
178,Hansı amillər istehsalın həcminə təsir göstərir,"ayrı­ayrı məhsula tələbin dəyişməsi, bazarın konyunkturasının dəyiş¬mə¬si, iqtisadi və siyasi şəraitin dəyişməsi","məhsul çeşidinin dəyişməsi, məhsulun keyfiyyətin dəyişməsi, məhsula tələbin dəyişməsi","məhsulun materialtutumunun dəyişməsi, məhsulun maya dəyərinin dəyişməsi, material xərclərin dəyişməsi",hesabat dövrünün əvvəlinə və sonuna anbarda hazır məhsul qalıqlarının dəyişməsi,"əmək məhsuldarlığının dəyişməsi, fəhlələrin sayının dəyişməsi fəhlələ­rin sayının dəyişməsi, məhsulun əməktutumun dəyişməsi",d
179,"MVHH tarixi 31 mart 20X7­ci il olarsa və hesabatların dərc olunmaq üçün təsdiqləndiyi tarix 25 avqust 20X7­ci il tarixi olarsa, aşağıdakı hadisələrdən hansını maliyyə hesabat­ larına düzəliş edilməsini tələb etməyən, hesabat dövründən sonra baş vermiş hadisə hesab etmək olar?","31 dekabr 20X6­cı il tarixində satın alınmış avadanlığın ilkin dəyəri 20 iyul tar­ ixində dəyişməz qalaraq, 155.000$­a bərabər olur",30 aprel 20X7­ci il tarixində uzunmüddətli investisiyaların bazar dəyəri 25.000$ məbləğində aşağı düşmüşdür,"Son beş il ərzində müzakirə edilən məsələ, axır ki, 31 iyul 20X7­ci il tarixində öz həllini tapır və şirkətin daha 50.000$ öhdəliyi olduğu müəyyənləşir","22 iyun 20X7­ci il tarixində müəssisədən 10.000$ məbləğində pul vəsaitinin mən­ imsənilməsi faktı aşkarlanmışdır ki, bu da maliyyə hesabatlarının düzgün ol­ madığını göstərir",,b
180,Təşkilat öz fəaliyyətini fasiləsiz həyata keçirir və yaxın gələcəkdə də həyata keçirməkdə davam edəcəkdir MH təqdim edilməsinin hansı tələbidir,Hesablama metodu ilə uçot,Əhəmiyyətlilik və aqreqasiyalaşdırma,Qarşılıqlı əvəzlənmə,Fasiləsiz fəaliyyət,Dürüst təqdimedilmə və MHBS ­ə uyğunluq,d
181,"Baş vermiş hadisələrin əməliyyatlar və şəraitlər elementlərin təriflərinə, tanınma kriteriyalarına, MHBS­lsarın təsbit etmiş olduğu qaydalara,metodlara və prosedurlara uyğun əks etdirilməsi hansı tələbdir",Fasiləsiz fəaliyyət,Dürüst təqdimedilmə və MHBS ­ə uyğunluq,Əhəmiyyətlilik və aqreqasiyalaşdırma,Qarşılıqlı əvəzlənmə,Hesablama metodu ilə uçot,b
182,Hazırda qüvvədə olan İAS­ların sayı,30,32,18,24,12,d
183,Sahibkarın müəssisəyə ettiği investisiya necə adlandırılır,Aktiv,Kapital,Öhdəlik,subyektiv,Passiv,b
184,Hər hansı bir digər şəxsə olan borc,Aktiv,Öhdəlik,Amortizasiya,inventarizasiya,Kapital,b
185,Müəssisənin sahib olduğu və ya işlətdiyi hər hansı dəyərli maddə,Passiv,Kredit,Kapital,Aktiv,Öhdəlik,d
186,Maliyyə hesabatlılığının elementləri arasında əlaqə aşağıdakı bərabərliyin vasitəsilə ifadə edilə bilər,Aktivlər = Xüsusi kapital + Royalti  + Gəlirlər – Xərclər,Aktivlər = Xüsusi kapital + Öhdəliklər  + Gəlirlər – Divident,Aktivlər =  Öhdəliklər  + Gəlirlər – Xərclər,Aktivlər = Xüsusi kapital + Öhdəliklər  + Gəlirlər – Xərclər,Aktivlər = Xüsusi kapital + Öhdəliklər  + Gəlirlər,d
187,Hesabat verən təşkilatın fəaliyyətinin maliyyə nəticələrinə aid olan elementlər,Faizlər və Xərclər,Royalti və Gəlirlər,"Aktivlər, Öhdəliklər və Xüsusi kapital",Divident və vergilər,Gəlirlər və Xərclər,e
188,Hesabat verən təşkilatın maliyyə vəziyyətinə aid olan elementlər,Gəlirlər və Xərclər,"Aktivlər, Öhdəliklər və Xüsusi kapital",Faizlər və Xərclər,Royalti və Gəlirlər,Divident və vergilər,b
189,Mühasibat məlumatının faydalılığına istinad edilmə necə adlanır,Etibarlıq,Münasiblik,Ehtiyatlıq,Mahiyyətin formadan üstünlüyü,Neytrallıq,b
190,"Informasiya o zaman münasib hesab olunur ki, .......",izahlı məlumat verir,"o, iqtisadi qərarların qəbul edilməsinə təsir göstərir.",qruplaşmaya şərait yaradır,Doğru cavab yoxdur,fikir ayrılıqları yaratmır,b
191,"Mövcud və potensial investorlar, borcverənlər və sair kreditorlar hesabat verən təşkilatdan informasiyanın bilavasitə onlara təqdim edilməsini tələb edə bilərlərmi",Bəli,Qanunauyğunsuzluk aşkar olduqda,Xeyr,Müəyyən hallarda bəli,Doğru cavab yoxdur,c
192,MHBS Fondunun tərkibinə aşağıdakı orqanlar daxil deyil,Maliyyə Hesabatlılığının Beynəlxalq Standartları Şurası,Maliyyə Hesabatlılığının Beynəlxalq Standartları üzrə Məsləhət Şurası,Doğru cavab yoxdur,Maliyyə Hesabatlılığının Beynəlxalq Standartlarının Şərhləri üzrə Komitə,Maliyyə hesabatlarının Listinq Şurası,e
193,"Qərb ölkələrində, xüsusilə də ABŞ və İngiltərədə təşəkkül tapmış maliyyə uçotu və hesabatı sistemi necə adlandırılır",CİCA,GAAP,İAS,İFRS,AİCRA,b
194,MHSB Şurasına üzvlər neçə il müddətinə seçilir,9,10,7,3,5,e
195,MHBS Şurasının tərkibi neçə nəfərdən ibarətdir,22,7,20,18,14,e
196,MHBS Fondunun qəyyumçuları neçə nəfərdən ibarətdir,17,11,25,33,22,e
197,Maliyyə Hesabatının Beynəlxalq Standarları   Fondu  neçənci ildə yaradılıb,2007,2009,2003,2005,2001,e
198,"Avadanlığın ilkin dəyəri 50.000 manat, köhnə avadanlığın sökülmə məsrəfi 10.000 manatdır. MVHH üçün cəmi dəyəri hesablayın",40000,50000,20000,60000,30000,d
199,"Nərminin kassa kitabının nəğd pul vəsaitləri sütununda hal­hazırda olaraq, 5.000$ məbləğində debet qalığı qeyd olunub. İxtisasca həkim olan Nərmin, mühasibat biliyinə sahib olmadığına görə, bu yazılışı anlaya bilmir. Onun mühasibi kimi bu yazılışı ona necə izah edərdiniz?",Nərmin kiməsə 5.000$ məbləğində ödəniş etməlidir.,Doğru variant qeyd olunmayıb,Bu səhv olaraq yazılmışdır: bank hesabı sütununda 5.000$ məbləğində kredit qalığı ol­ malıdır.,Həmin vaxt üzrə Nərminin kassasında 5.000$ məbləğində pul vəsaiti vardır,"Bu səhv olaraq yazılmışdır: bu cür yüksək məbləğ nəğd pul vəsaitləri sütununa deyil, bank hesabı sütununa köçürülməlidir",d
200,aktivlərin və ya öhdəliklərin mövcud statusunun və onlarla bağlı ehtimal edilən gələcək iqtisadi səmərə və öhdəliklərin qiymətləndirilməsi nəticəsində aktivin və ya öhdəliyin balans dəyərinin və ya aktivin dövri istehlak məbləğinin düzəldilməsidir.,İzahlı qeyd dəyişiklikləri,stabil subsidiyalar,Royalti dəyişiklikləri,Uçot qiymətləndirmələrində dəyişikliklər,ivident dəyişiklikləri,d
201,"maliyyə hesabatlarının hazırlanması və təqdim edilməsi zamanı müəssisə tərəfindən tətbiq edilən konkret prinsiplər, əsaslar, şərtlər və qaydalardır",divident siyasəti,statitik siyəsət,royalti siyasəti,uçot siyasəti,izahlı qeydlər,d
202,Əgər müəssisə hesabat dövründən sonra kapital alətlərinin sahiblərinə dividendləri açıqlayırsa o zaman müəssisə həmin dividendləri hesabat dövrünün sonunda,xərc kimi tanımalıdır,kapital kimi tanımalıdır,gəlir kimi tanımalıdır,öhdəlik kimi tanımalıdır,aktiv kimi tanımalıdır,d
203,"Əsasən təftiş formasında, hesabat işçilərinin sənədlərinin yoxlanılması yolu ilə aparılan nəzarət hansı nəzarətdir?",cari nəzarət,qabaqcadan nəzarət,itefadə ücün nazərət,operativ nəzarət,sonrakı nəzarət,e
204,Uçot prosesində və maliyyə­təsərrüfat fəaliyyətinin təhlilində aparılan nəzarət hansı nəzarətdir,qabaqcadan nəzarət,ehtiyatlı nəzarət,operativ nəzarət,cari nəzarət,sonrakı nəzarət,d
205,Qabaqcadan nəzarət kim tərəfindən aparılır,müəssisənin fəhlələri tərəfindən,gözətci tərəfindən,bölmə rəhbəri tərəfindən,müəssisə rəhbərləri tərəfindən,sex rəisləri tərəfindən,d
206,Sənədləşmə müəssisənin idarə edilməsində hansı nəzarət üçün geniş istifadə olunur,"qabaqcadan, cari və sonrakı nəzarət üçün",qabaqcadan nəzarət üçün,cari və ilkin nəzarət üçün,ilkin nəzarət üçün,sonrakı nəzarət üçün,a
207,Eyni tipli sənədlərin blanklarına bir cür ölçünün verilməsi nə adlanır,sənədlərin unifikasiyası,sənəd dövriyyəsi,elastik sənədlər,ilkin müşahidə,sənədlərin standartlaşdırılması,e
208,Mühasibat uçotunda təsərrüfat prosesləri zamanı baş verən əməliyyatlar üzərində müşahidə aparmaq üçün əsas üsul nədir?,mühasibat sənədləri,ikili yazılış,mühasibat maddələri,inventarlaşma,analitik təhlil,a
209,Nə zaman sənədlərin tərtibinə başlanılır,ilkin sorğu aparıldıqdan sonra,ilkin eksperiment aparıldıqdan sonra,statistik analizdən sonra,ilkin yazılış aparıldıqdan sonra,ilkin müşahidə aparıldıqdan sonra,e
210,Anbarda olan hazır məhsulların uçotu qaydası uçotda belə aparılır,yerinə yetirilən işlər və göstərilən xidmətlər,bitməmiş istehsalat,əsas vəsaitlər,qeyri­maddi aktivlər,material­istehsalat ehtiyyatları,e
211,Maliyyə qoyuluşlarının xüsusi mənbələrinə aiddir,Hazırki dövrdə sərbəst olan məqsədli maliyyələşmə vəsaitləri,Bankın uzunmüddətli kreditləri,Nizamnamə kapitalı,Mənfəət,Gələcək xərclər və ödəmələr üçün ehtiyat,d
212,Hansı amillər istehsalın həcminə təsir göstərir,"əmək məhsuldarlığının dəyişməsi, fəhlələrin sayının dəyişməsi fəhlələ­rin sayının dəyişməsi, məhsulun əməktutumun dəyişməsi","ayrı­ayrı məhsula tələbin dəyişməsi, bazarın konyunkturasının dəyiş¬mə¬si, iqtisadi və siyasi şəraitin dəyişməsi","məhsulun materialtutumunun dəyişməsi, məhsulun maya dəyərinin dəyişməsi, material xərclərin dəyişməsi","məhsul çeşidinin dəyişməsi, məhsulun keyfiyyətin dəyişməsi, məhsula tələbin dəyişməsi",hesabat dövrünün əvvəlinə və sonuna anbarda hazır məhsul qalıqlarının dəyişməsi,e
213,Aşağıdakı hadisələrdən hansına əsasən maliyyə hesabatlarında açıqlama verilməlidir?,Maliyyə hesabatlarına düzəliş edilməsini tələb edən hadisələr,tərtibdən asılıdır,Maliyyə hesabatlarına düzəliş edilməsini tələb etməyən əhəmiyyətli sayılmayan hadisələr,Yuxarıdakıların hamısı,Maliyyə hesabatlarına düzəliş edilməsini tələb etməyən əhəmiyyətli hadisələr,e
214,Mühasibat hesabatının əsas elementi kimi hansı hesabat əsas element hesab edilir,Pul vəsaitlərinin hərəkəti haqda hesabat,"Mühasibat balansı, mənfəət və zərər haqda hesabat",Kapitalın dəyişməsi haqda hesabat və pul vəsaitinin hərəkəti haqda hesabat,Mənfəət və zərər haqda hesabat,Mühasibat balansı və pul vəsaitlərinin hərəkəti haqda hesabat,b
215,"Avadanlığın ilkin dəyəri 150.000 manat, köhnə avadanlığın sökülmə məsrəfi 40.000 manatdır. MVHH üçün cəmi dəyəri hesablayın",55000,100000,110000,95000,190000,e
216,"Əgər yeni aktiv köhnəni əvəz edirsə, həmin köhnə aktivin sökülməsi (kənarlaşdırılması) ilə bağlı olan məsrəflər",Nəzərə alınmamalı,statistik məlumata əsaslanmalıdır,İlkin dəyərə daxil edilməli,İlkin dəyərə daxil edilməməli,,c
217,"Avandanlığın ilkin dəyəri 115.000, nəqliyyat məsrəfləri 5.000 və quraşdırma xərcləri 10.000 manat təşkil edir.  MVHH üçün cəmi dəyəri hesablayın",105000,120000,100000,130000,110000,d
218,"Avandanlığın ilkin dəyəri 55.000, nəqliyyat məsrəfləri 25.000 və quraşdırma xərcləri 8.000 manat təşkil edir.  MVHH üçün cəmi dəyəri hesablayın",30000,22000,88000,25000,47000,c
219,"Avandanlığın ilkin dəyəri 165.000, nəqliyyat məsrəfləri 65.000 və quraşdırma xərcləri 50.000 manat təşkil edir.  MVHH üçün cəmi dəyəri hesablayın",115000,215000,50000,100000,280000,e
220,"Avandanlığın ilkin dəyəri 125.000, nəqliyyat məsrəfləri 4.000 və quraşdırma xərcləri 3.000 manat təşkil edir.  MVHH üçün cəmi dəyəri hesablayın",122000,118000,121000,132000,128000,d
221,"Avandanlığın ilkin dəyəri 35.000, nəqliyyat məsrəfləri 15.000 və quraşdırma xərcləri 5.000 manat təşkil edir.  MVHH üçün cəmi dəyəri hesablayın",25000,45000,40000,35000,55000,e
222,"Avandanlığın ilkin dəyəri 65.000, nəqliyyat məsrəfləri 5.000 və quraşdırma xərcləri 10.000 manat təşkil edir.  MVHH üçün cəmi dəyəri hesablayın",70000,65000,60000,50000,80000,e
223,Xalis pul aktivləri nədir,balansın aktivinin pul və qeyri pul maddələrinin fərqi,pul vəsaitləri və pul öhdəlikləri məbləqlərinin fərqi,balansın pul və qeyri pul maddələrinin cəmi,balansın pul və qeyri pul maddələrinin cəmi,balansın passivinin pul və qeyri pul maddələrinin fərqi,b
224,Ödəniş tələbnaməsinin qismən ödənilməsi əməliyyatı mühasibat uçotu hesablarında nə zaman əks etdirilir?,Hesablaşma hesabında pul vəsaiti olduğu zaman,Düzgün cavab yoxdu,Ödəniş tələbnaməsi banka daxil olduqca,Hesabdan pul vəsaitləri silindikcə,Yalnız sonuncu ödəniş edildikdən sonra,d
225,Gəlir mühasibat uçotunda pul ifadəsində hesablanmış aşağıdakı məbləğdə əks etdirilir,"pul vəsaitlərinin, mübadilə müqaviləsi şərtləri əsasında öz əmlakının verilməsi üzrə öhdəliklər yerinə yetirilmədən daxil olan əmlakın, qiymətli kağızların məbləğində",düzgün cavab yoxdur,"pul vəsaitləri, əmlak məbləğində","pul vəsaitləri, qiymətli kağızların nominal dəyəri, investorların qoyuluşları məbləğində","pul vəsaitləri, əmlak, debitor borcları",e
226,Aşağıdakılardan hansı səhvdir,Nəğd pul vəsaitlərilə həyata keçirilən əməliyyatlar kifayət qədər böyük əməliyyat­ lar hesab olunur və qeydiyyat üçün ayrıca hesabat kitabı tələb edir.,NPKK nəğd pul vəsaitlərilə həyata keçirilmiş bütün əməliyyatların qeydiyyatını aparmaq üçün tərtib olunur.,NPKK kiçik məbləğli ödənişləri fərqləndirmək məqsədilə tərtib edilir,NPKK­nın mövcudluğu bu vəsaitlərin idarəsi üzrə təyin edilən kassirin fiziki pul kütləsinə nəzarətini təmin edir.,,a
227,"Tahirin magistral yolun kənarında yerləşən bir restoranı vardır. O, müştəriləri günün 24 saatı qəbul etdiyinə görə əlində olan nəğd pul vəsaitini öz bank hesabına hər gün bankın bağlanmasına yaxın, saat 5­də qoyur. Dünən o, bank hesabına 3.120 $ məbləğində nəğd pul köçürmüşdür. Tahir bu əməliyyatı kassa kitabında necə qeyd etməlidir?",Debet nəğd pul vəsaiti; Kredit bank,Debet nəğd pul vəsaiti; Kredit nəğd pul vəsaiti,Debet bank; Kredit nəğd pul vəsaiti,Debet bank; Kredit bank,,c
228,"Əldə edilən endirim ..... sayıldığı üçün, həmişə ..... hesabına yazılır",Gəlir – debit,Doğru variant yoxdur,Xərc – debit,Xərc – kredit,Gəlir – kredit,e
229,"Təklif edilən endirim ..... sayıldığı üçün, həmişə ....... hesabına yazılır",Gəlir – kredit,Xərc – kredit,Gəlir – debit,Xərc – debit,Doğru cavab yoxdur,d
230,Gözlənilən lakin ödənilməyən icarə haqqı ödənişi kassa kıtabında qeyd edilirmi,Bəli,Məbləğ 1000 manatdan çoxdursa edilir,Mühasib şərtlərə uyğun qərar verməlidir,Məbləğ 1000 manatdan azdırsa edilir,Xeyr,e
231,Kassa kitabı,İlkin qeydiyyat kitabıdır,Ledcer sisteminin bir hissəsidir,Məxaric hissəsi pul vəsaitinə kredit yazılışı,Mədaxil hissəsi pul vəsaitinə debet yazılışı,Hammısı,e
232,MHBS tərəfindən kommersiya müəssisələri üçün müəyyən olunmuş mühasibat uçotunun aparılması və maliyyə hesabatının tərtib olunması qaydaları aid edilir,İctimai fondlara,İctimai əhəmiyyətli qurumlara,Büdcə təşkilatlarına,Kommersiya müəssisələri və ictimai əhəmiyyətli qurumlara,Kommersiya müəssisə və təşkilatlarına,e
233,Kapitalın tərkibinə daxildir,Gözlənilən ödəmələr üçün ehtiyatlar,Təsisçilərdən alınan uzunmüddətli borclar,Nizamnamə kapitalı,"Nizamnamə kapitalı, bölüşdürülməmiş mənfəət",Bölüşdürülməmiş mənfəət,d
234,Öhdəliklər tanınarkən aşağıdakı kriteriyalara əməl edilməlidir,Öhdəliyin ödənilməsi məbləği etibarlı şəkildə müəyyən oluna bilər,"Ehtimal olunur ki, cari öhdəliklərin ödənilməsi nəticəsində iqtisadi fayda gətirən resursların axıb getməsi baş verəcəkdir",Tanınma ödənilməli olan öhdəliyin yalnız etibarlı şəkildə ölçülməsini tələb edir,Cari öhdəliklərin ödənilməsi nəticəsində iqtisadi fayda gətirən resursların axıb getməsi və öhdəliyin ödənilməsi məbləğinin etibarlı şəkildə müəyyən olunması mütləq deyildir,"Ehtimal olunur ki, cari öhdəliklərin ödənilməsi nəticəsində iqtisadi fayda gətirən resursların axıb getməsi baş verəcəkdir və öhdəliyin ödənilməsi məbləği etibarlı şəkildə müəyyən oluna bilər",e
235,Hesabatın hər hansı bir maddəsinin əhəmiyyətliliyini müəyyən etmək üçün mühasib aşağıdakı göstəricilərdən hansı ilə onu müqayisə etməyə bilər,Məcmu öhdəliklər,Debitor borcu,Xalis mənfəət,işçilərin ümumi sayı,Məcmu aktivlər,d
236,Mənfəət və zərərlər haqqında hesabatda nə əks olunur,"Hesabat dövrünə aktivlərin, öhdəliklərin və xüsusi kapitalın vəziyyəti",Müəyyən dövr ərzində xüsusi kapitaldakı dəyişikliklər,"Müəyyən dövr ərzində aktivlərdəki, öhdəliklərdəki və xüsusi kapitaldakı dəyişikliklər",Müəyyən dövr ərzindəki gəlirlər və xərclər,"Hesabat dövrünə xərclər, dividendlər və xüsusi kapitalın vəziyyəti",d
237,Maliyyə qoyuluşları hansı məqsədlər üçün həyata keçirilir,Xeyriyyə və vergi ödənişlərinin azaldılması üçün,Düzgün cavab yoxdur,Xeyriyyə,"Müəyyən sabit gəlirin əldə olunması, investisiya qoyulan obyektin təsərrüfat fəaliyyətinə nəzarət edilməsi və investisiyalar üzrə vergi güzəşti əldə etmək üçün",Müəyyən sabit gəlir əldə olunması və vergi ödənişlərinin azaldılması üçün,d
238,Maliyyə qoyuluşlarının mənbəyi aşağıdakılardır,Xüsusi vəsaitlər və büdcə maliyyələşmələri,Düzgün cavab yoxdur,"Nizamnamə kapitalı, mənfəət və büdcə maliyyələşmələri","Xüsusi vəsaitlər, müvəqqət cəlb olunmuş vəsaitlər və nizamnamə kapitalı","Xüsusi vəsaitlər, məqsədli maliyyələşmələr və daxilolmalar",d
239,Müəssisənin maliyyə nəticələri haqqında informasiyaları uçotda formalaşdıran əsas elementlər hansılardır,sair xərclər,"aktivlər, passivlər, öhdəlik, kapital","aktivlər, öhdəlik, kapital","gəlirlər, xərclər","aktivlər,gəlirlər, xərclər",d
240,Mühasibat hesabatında hansı əlavə informasiyalar qeydə alınır,xarici valyuta ilə hesablar,dövriyyə vedomostları,inflyasiya metodlari,debitorların siyahısı,ilkin sənədlər,d
241,İllik mühasibat hesabatının təqdim olunma müddəti belədir,növbəti ilin aprel ayının 1­dək,növbəti ilin iyun ayının 1­ dək,120 gün ərzində,90 gün ərzində,il başa çatandan sonra 60 gün ərzində,d
242,Balansın aktiv və passivinin balanslaşdırma göstəriciləri qismində çıxış edir,Əsas vəsaitlər,Maliyyə nəticələri (mənfəət yaxud zərər),Qeyri­maddi aktivlər.,Kreditor borcları;,Debitor borcları;,b
243,Aşağıdakı maddələrdən hansı balansın passivinin “Qısamüddətli öhdəliklər” adlı üçüncü bölməsində öz əksini tapmır,müqavilə üzrə başa çatmamış tikinti işləri,sair qısamüddətli öhdəliklər,qısamüddətli pensiya öhdəliyi,faiz xərcləri yaradan sair qısamüddətli öhdəliklər,əmək ödənişi üzrə heyətə olan borc,a
244,Aşağıdakı maddələrdən hansı balansın passivinin “Qısamüddətli öhdəliklər” adlı üçüncü bölməsində öz əksini tapmır,əmək ödənişi üzrə heyətə olan borc,sair qısamüddətli öhdəliklər,hesabat dövrünün xalis mənfəəti (zəruri),faiz xərcləri yaradan sair qısamüddətli öhdəliklər,qısamüddətli pensiya öhdəliyi,c
245,Aşağıdakı maddələrdən hansı balansın passivinin “Qısamüddətli öhdəliklər” adlı üçüncü bölməsində öz əksini tapmır,sair qısamüddətli öhdəliklər,faiz xərcləri yaradan sair qısamüddətli öhdəliklər,əmək ödənişi üzrə heyətə olan borc,mənfəət vürgisi üzrə təxirə salınmış vergi öhdəlikləri,qısamüddətli pensiya öhdəliyi,d
246,İcmal mühasibat hesabatı aşağıdakı hallarda tərtib olunmaya bilər,Baş təşkilatın baş mühasibinin müvafiq qərarı olduqda,Qrupun investorlarının müvafiq qərarı qəbul edildikdə,Qarşılıqlı əlaqədə olan müəssisələr qrupuna baş təşkilatla yanaşı övlad cəmiyyətlər də daxil edildikdə,Baş təşkilatın rəhbərliyinin müvafiq qərarı qəbul edildikdə,Qarşılıqlı əlaqədə olan müəssisələr qrupuna baş təşkilatla yanaşı yalnız asılı cəmiyyətlər daxil edildikdə,e
247,Asılı cəmiyyət üzrə icmal konsolidə edilən mühasibat hesabatına aşağıdakı göstərici daxil edilir,Cəmiyyətin maliyyə nəticələrində azlıqların payı,Baş təşkilatın iştirakının qiymətləndirilməsi,Asılı cəmiyyətin zərərlərində azlıqların payı,Vergi öhdəlikləri,Cəmiyyətin kapitlaında azlıqların payı,b
248,Övlad şirkətin uçot siyasəti baş təşkilatın uçot siyasətindən fərqləndiyi halda konsolidə edilmiş hesabat tərtib olunduğu zaman:,Belə övlad şirkətin hesabatı ayrıca tərtib olunur,Baş şirkətin maliyyə hesabatında düzəliş aparılır,Övlad şirkətin maliyyə hesabatında düzəliş aparılır,"Ya övlad şirkətin maliyyə hesabatında, ya da baş təşkilatın maliyyə hesabatında düzəliş aparılır",dioqanal,c
